temperature_K,thermal_conductivity_W_per_cmK,thermal_conductivity_W_per_mK,value_basis,source_segment,suggested_total_relative_uncertainty_pct,independent_measurement,interpolation_method,source_figure
4,0.00775,0.775,digitized_trace_anchor,B.-constantan trace,5,false,shape-preserving PCHIP in ln(T)-ln(k),"NIST Monograph 131, Figure 43f, printed page 296"
5,0.0109,1.09,digitized_trace_anchor,B.-constantan trace,5,false,shape-preserving PCHIP in ln(T)-ln(k),"NIST Monograph 131, Figure 43f, printed page 296"
6,0.0143,1.43,digitized_trace_anchor,B.-constantan trace,5,false,shape-preserving PCHIP in ln(T)-ln(k),"NIST Monograph 131, Figure 43f, printed page 296"
7,0.0182,1.82,digitized_trace_anchor,B.-constantan trace,5,false,shape-preserving PCHIP in ln(T)-ln(k),"NIST Monograph 131, Figure 43f, printed page 296"
8,0.0221,2.21,digitized_trace_anchor,B.-constantan trace,5,false,shape-preserving PCHIP in ln(T)-ln(k),"NIST Monograph 131, Figure 43f, printed page 296"
9,0.0263,2.63,digitized_trace_anchor,B.-constantan trace,5,false,shape-preserving PCHIP in ln(T)-ln(k),"NIST Monograph 131, Figure 43f, printed page 296"
10,0.0309,3.09,digitized_trace_anchor,B.-constantan trace,5,false,shape-preserving PCHIP in ln(T)-ln(k),"NIST Monograph 131, Figure 43f, printed page 296"
11,0.0358929,3.58929,PCHIP_logT_logk,B.-constantan trace,5,false,shape-preserving PCHIP in ln(T)-ln(k),"NIST Monograph 131, Figure 43f, printed page 296"
12,0.0411,4.11,digitized_trace_anchor,B.-constantan trace,5,false,shape-preserving PCHIP in ln(T)-ln(k),"NIST Monograph 131, Figure 43f, printed page 296"
13,0.0464918,4.64918,PCHIP_logT_logk,B.-constantan trace,5,false,shape-preserving PCHIP in ln(T)-ln(k),"NIST Monograph 131, Figure 43f, printed page 296"
14,0.0519694,5.19694,PCHIP_logT_logk,B.-constantan trace,5,false,shape-preserving PCHIP in ln(T)-ln(k),"NIST Monograph 131, Figure 43f, printed page 296"
15,0.0571,5.71,digitized_trace_anchor,B.-constantan trace,5,false,shape-preserving PCHIP in ln(T)-ln(k),"NIST Monograph 131, Figure 43f, printed page 296"
16,0.0617989,6.17989,PCHIP_logT_logk,B.-constantan trace,5,false,shape-preserving PCHIP in ln(T)-ln(k),"NIST Monograph 131, Figure 43f, printed page 296"
17,0.0662602,6.62602,PCHIP_logT_logk,B.-constantan trace,5,false,shape-preserving PCHIP in ln(T)-ln(k),"NIST Monograph 131, Figure 43f, printed page 296"
18,0.0704906,7.04906,PCHIP_logT_logk,B.-constantan trace,5,false,shape-preserving PCHIP in ln(T)-ln(k),"NIST Monograph 131, Figure 43f, printed page 296"
19,0.0744999,7.44999,PCHIP_logT_logk,B.-constantan trace,5,false,shape-preserving PCHIP in ln(T)-ln(k),"NIST Monograph 131, Figure 43f, printed page 296"
20,0.0783,7.83,digitized_trace_anchor,B.-constantan trace,5,false,shape-preserving PCHIP in ln(T)-ln(k),"NIST Monograph 131, Figure 43f, printed page 296"
21,0.0817903,8.17903,PCHIP_logT_logk,P.Z.J.-constantan trace,4,false,shape-preserving PCHIP in ln(T)-ln(k),"NIST Monograph 131, Figure 43f, printed page 296"
22,0.0849846,8.49846,PCHIP_logT_logk,P.Z.J.-constantan trace,4,false,shape-preserving PCHIP in ln(T)-ln(k),"NIST Monograph 131, Figure 43f, printed page 296"
23,0.0880531,8.80531,PCHIP_logT_logk,P.Z.J.-constantan trace,4,false,shape-preserving PCHIP in ln(T)-ln(k),"NIST Monograph 131, Figure 43f, printed page 296"
24,0.0911468,9.11468,PCHIP_logT_logk,P.Z.J.-constantan trace,4,false,shape-preserving PCHIP in ln(T)-ln(k),"NIST Monograph 131, Figure 43f, printed page 296"
25,0.0944,9.44,digitized_trace_anchor,P.Z.J.-constantan trace,4,false,shape-preserving PCHIP in ln(T)-ln(k),"NIST Monograph 131, Figure 43f, printed page 296"
26,0.0976946,9.76946,PCHIP_logT_logk,P.Z.J.-constantan trace,4,false,shape-preserving PCHIP in ln(T)-ln(k),"NIST Monograph 131, Figure 43f, printed page 296"
27,0.100628,10.0628,PCHIP_logT_logk,P.Z.J.-constantan trace,4,false,shape-preserving PCHIP in ln(T)-ln(k),"NIST Monograph 131, Figure 43f, printed page 296"
28,0.103405,10.3405,PCHIP_logT_logk,P.Z.J.-constantan trace,4,false,shape-preserving PCHIP in ln(T)-ln(k),"NIST Monograph 131, Figure 43f, printed page 296"
29,0.106157,10.6157,PCHIP_logT_logk,P.Z.J.-constantan trace,4,false,shape-preserving PCHIP in ln(T)-ln(k),"NIST Monograph 131, Figure 43f, printed page 296"
30,0.109,10.9,digitized_trace_anchor,P.Z.J.-constantan trace,4,false,shape-preserving PCHIP in ln(T)-ln(k),"NIST Monograph 131, Figure 43f, printed page 296"
31,0.112031,11.2031,PCHIP_logT_logk,P.Z.J.-constantan trace,4,false,shape-preserving PCHIP in ln(T)-ln(k),"NIST Monograph 131, Figure 43f, printed page 296"
32,0.115177,11.5177,PCHIP_logT_logk,P.Z.J.-constantan trace,4,false,shape-preserving PCHIP in ln(T)-ln(k),"NIST Monograph 131, Figure 43f, printed page 296"
33,0.118302,11.8302,PCHIP_logT_logk,P.Z.J.-constantan trace,4,false,shape-preserving PCHIP in ln(T)-ln(k),"NIST Monograph 131, Figure 43f, printed page 296"
34,0.121281,12.1281,PCHIP_logT_logk,P.Z.J.-constantan trace,4,false,shape-preserving PCHIP in ln(T)-ln(k),"NIST Monograph 131, Figure 43f, printed page 296"
35,0.124,12.4,digitized_marker,P.Z.J.-constantan trace,4,false,shape-preserving PCHIP in ln(T)-ln(k),"NIST Monograph 131, Figure 43f, printed page 296"
36,0.126471,12.6471,PCHIP_logT_logk,P.Z.J.-constantan trace,4,false,shape-preserving PCHIP in ln(T)-ln(k),"NIST Monograph 131, Figure 43f, printed page 296"
37,0.12879,12.879,PCHIP_logT_logk,P.Z.J.-constantan trace,4,false,shape-preserving PCHIP in ln(T)-ln(k),"NIST Monograph 131, Figure 43f, printed page 296"
38,0.130974,13.0974,PCHIP_logT_logk,P.Z.J.-constantan trace,4,false,shape-preserving PCHIP in ln(T)-ln(k),"NIST Monograph 131, Figure 43f, printed page 296"
39,0.133039,13.3039,PCHIP_logT_logk,P.Z.J.-constantan trace,4,false,shape-preserving PCHIP in ln(T)-ln(k),"NIST Monograph 131, Figure 43f, printed page 296"
40,0.135,13.5,digitized_trace_anchor,P.Z.J.-constantan trace,4,false,shape-preserving PCHIP in ln(T)-ln(k),"NIST Monograph 131, Figure 43f, printed page 296"
41,0.137024,13.7024,PCHIP_logT_logk,P.Z.J.-constantan trace,4,false,shape-preserving PCHIP in ln(T)-ln(k),"NIST Monograph 131, Figure 43f, printed page 296"
42,0.139196,13.9196,PCHIP_logT_logk,P.Z.J.-constantan trace,4,false,shape-preserving PCHIP in ln(T)-ln(k),"NIST Monograph 131, Figure 43f, printed page 296"
43,0.141411,14.1411,PCHIP_logT_logk,P.Z.J.-constantan trace,4,false,shape-preserving PCHIP in ln(T)-ln(k),"NIST Monograph 131, Figure 43f, printed page 296"
44,0.143574,14.3574,PCHIP_logT_logk,P.Z.J.-constantan trace,4,false,shape-preserving PCHIP in ln(T)-ln(k),"NIST Monograph 131, Figure 43f, printed page 296"
45,0.145596,14.5596,PCHIP_logT_logk,P.Z.J.-constantan trace,4,false,shape-preserving PCHIP in ln(T)-ln(k),"NIST Monograph 131, Figure 43f, printed page 296"
46,0.147395,14.7395,PCHIP_logT_logk,P.Z.J.-constantan trace,4,false,shape-preserving PCHIP in ln(T)-ln(k),"NIST Monograph 131, Figure 43f, printed page 296"
47,0.148896,14.8896,PCHIP_logT_logk,P.Z.J.-constantan trace,4,false,shape-preserving PCHIP in ln(T)-ln(k),"NIST Monograph 131, Figure 43f, printed page 296"
48,0.150034,15.0034,PCHIP_logT_logk,P.Z.J.-constantan trace,4,false,shape-preserving PCHIP in ln(T)-ln(k),"NIST Monograph 131, Figure 43f, printed page 296"
49,0.150752,15.0752,PCHIP_logT_logk,P.Z.J.-constantan trace,4,false,shape-preserving PCHIP in ln(T)-ln(k),"NIST Monograph 131, Figure 43f, printed page 296"
50,0.151,15.1,digitized_trace_anchor,P.Z.J.-constantan trace,4,false,shape-preserving PCHIP in ln(T)-ln(k),"NIST Monograph 131, Figure 43f, printed page 296"
51,0.151082,15.1082,PCHIP_logT_logk,P.Z.J.-constantan trace,4,false,shape-preserving PCHIP in ln(T)-ln(k),"NIST Monograph 131, Figure 43f, printed page 296"
52,0.151541,15.1541,PCHIP_logT_logk,P.Z.J.-constantan trace,4,false,shape-preserving PCHIP in ln(T)-ln(k),"NIST Monograph 131, Figure 43f, printed page 296"
53,0.152326,15.2326,PCHIP_logT_logk,P.Z.J.-constantan trace,4,false,shape-preserving PCHIP in ln(T)-ln(k),"NIST Monograph 131, Figure 43f, printed page 296"
54,0.153356,15.3356,PCHIP_logT_logk,P.Z.J.-constantan trace,4,false,shape-preserving PCHIP in ln(T)-ln(k),"NIST Monograph 131, Figure 43f, printed page 296"
55,0.154559,15.4559,PCHIP_logT_logk,P.Z.J.-constantan trace,4,false,shape-preserving PCHIP in ln(T)-ln(k),"NIST Monograph 131, Figure 43f, printed page 296"
56,0.155868,15.5868,PCHIP_logT_logk,P.Z.J.-constantan trace,4,false,shape-preserving PCHIP in ln(T)-ln(k),"NIST Monograph 131, Figure 43f, printed page 296"
57,0.157222,15.7222,PCHIP_logT_logk,P.Z.J.-constantan trace,4,false,shape-preserving PCHIP in ln(T)-ln(k),"NIST Monograph 131, Figure 43f, printed page 296"
58,0.158563,15.8563,PCHIP_logT_logk,P.Z.J.-constantan trace,4,false,shape-preserving PCHIP in ln(T)-ln(k),"NIST Monograph 131, Figure 43f, printed page 296"
59,0.159839,15.9839,PCHIP_logT_logk,P.Z.J.-constantan trace,4,false,shape-preserving PCHIP in ln(T)-ln(k),"NIST Monograph 131, Figure 43f, printed page 296"
60,0.161,16.1,digitized_trace_anchor,P.Z.J.-constantan trace,4,false,shape-preserving PCHIP in ln(T)-ln(k),"NIST Monograph 131, Figure 43f, printed page 296"
61,0.162248,16.2248,PCHIP_logT_logk,P.Z.J.-constantan trace,4,false,shape-preserving PCHIP in ln(T)-ln(k),"NIST Monograph 131, Figure 43f, printed page 296"
62,0.163476,16.3476,PCHIP_logT_logk,P.Z.J.-constantan trace,4,false,shape-preserving PCHIP in ln(T)-ln(k),"NIST Monograph 131, Figure 43f, printed page 296"
63,0.164254,16.4254,PCHIP_logT_logk,P.Z.J.-constantan trace,4,false,shape-preserving PCHIP in ln(T)-ln(k),"NIST Monograph 131, Figure 43f, printed page 296"
64,0.1648,16.48,PCHIP_logT_logk,P.Z.J.-constantan trace,4,false,shape-preserving PCHIP in ln(T)-ln(k),"NIST Monograph 131, Figure 43f, printed page 296"
65,0.165245,16.5245,PCHIP_logT_logk,P.Z.J.-constantan trace,4,false,shape-preserving PCHIP in ln(T)-ln(k),"NIST Monograph 131, Figure 43f, printed page 296"
66,0.16562,16.562,PCHIP_logT_logk,P.Z.J.-constantan trace,4,false,shape-preserving PCHIP in ln(T)-ln(k),"NIST Monograph 131, Figure 43f, printed page 296"
67,0.165957,16.5957,PCHIP_logT_logk,P.Z.J.-constantan trace,4,false,shape-preserving PCHIP in ln(T)-ln(k),"NIST Monograph 131, Figure 43f, printed page 296"
68,0.166283,16.6283,PCHIP_logT_logk,P.Z.J.-constantan trace,4,false,shape-preserving PCHIP in ln(T)-ln(k),"NIST Monograph 131, Figure 43f, printed page 296"
69,0.166623,16.6623,PCHIP_logT_logk,P.Z.J.-constantan trace,4,false,shape-preserving PCHIP in ln(T)-ln(k),"NIST Monograph 131, Figure 43f, printed page 296"
70,0.167,16.7,digitized_trace_anchor,P.Z.J.-constantan trace,4,false,shape-preserving PCHIP in ln(T)-ln(k),"NIST Monograph 131, Figure 43f, printed page 296"
71,0.167445,16.7445,PCHIP_logT_logk,P.Z.J.-constantan trace,4,false,shape-preserving PCHIP in ln(T)-ln(k),"NIST Monograph 131, Figure 43f, printed page 296"
72,0.167952,16.7952,PCHIP_logT_logk,P.Z.J.-constantan trace,4,false,shape-preserving PCHIP in ln(T)-ln(k),"NIST Monograph 131, Figure 43f, printed page 296"
73,0.16849,16.849,PCHIP_logT_logk,P.Z.J.-constantan trace,4,false,shape-preserving PCHIP in ln(T)-ln(k),"NIST Monograph 131, Figure 43f, printed page 296"
74,0.169031,16.9031,PCHIP_logT_logk,P.Z.J.-constantan trace,4,false,shape-preserving PCHIP in ln(T)-ln(k),"NIST Monograph 131, Figure 43f, printed page 296"
75,0.16955,16.955,PCHIP_logT_logk,P.Z.J.-constantan trace,4,false,shape-preserving PCHIP in ln(T)-ln(k),"NIST Monograph 131, Figure 43f, printed page 296"
76,0.170021,17.0021,PCHIP_logT_logk,P.Z.J.-constantan trace,4,false,shape-preserving PCHIP in ln(T)-ln(k),"NIST Monograph 131, Figure 43f, printed page 296"
77,0.170422,17.0422,PCHIP_logT_logk,P.Z.J.-constantan trace,4,false,shape-preserving PCHIP in ln(T)-ln(k),"NIST Monograph 131, Figure 43f, printed page 296"
78,0.170731,17.0731,PCHIP_logT_logk,P.Z.J.-constantan trace,4,false,shape-preserving PCHIP in ln(T)-ln(k),"NIST Monograph 131, Figure 43f, printed page 296"
79,0.17093,17.093,PCHIP_logT_logk,P.Z.J.-constantan trace,4,false,shape-preserving PCHIP in ln(T)-ln(k),"NIST Monograph 131, Figure 43f, printed page 296"
80,0.171,17.1,digitized_trace_anchor,P.Z.J.-constantan trace,4,false,shape-preserving PCHIP in ln(T)-ln(k),"NIST Monograph 131, Figure 43f, printed page 296"
81,0.171,17.1,PCHIP_logT_logk,P.Z.J.-constantan trace,4,false,shape-preserving PCHIP in ln(T)-ln(k),"NIST Monograph 131, Figure 43f, printed page 296"
82,0.171,17.1,PCHIP_logT_logk,P.Z.J.-constantan trace,4,false,shape-preserving PCHIP in ln(T)-ln(k),"NIST Monograph 131, Figure 43f, printed page 296"
83,0.171,17.1,PCHIP_logT_logk,P.Z.J.-constantan trace,4,false,shape-preserving PCHIP in ln(T)-ln(k),"NIST Monograph 131, Figure 43f, printed page 296"
84,0.171,17.1,PCHIP_logT_logk,P.Z.J.-constantan trace,4,false,shape-preserving PCHIP in ln(T)-ln(k),"NIST Monograph 131, Figure 43f, printed page 296"
85,0.171,17.1,PCHIP_logT_logk,P.Z.J.-constantan trace,4,false,shape-preserving PCHIP in ln(T)-ln(k),"NIST Monograph 131, Figure 43f, printed page 296"
86,0.171,17.1,PCHIP_logT_logk,P.Z.J.-constantan trace,4,false,shape-preserving PCHIP in ln(T)-ln(k),"NIST Monograph 131, Figure 43f, printed page 296"
87,0.171021,17.1021,PCHIP_logT_logk,P.Z.J./E.D. transition,5,false,shape-preserving PCHIP in ln(T)-ln(k),"NIST Monograph 131, Figure 43f, printed page 296"
88,0.171119,17.1119,PCHIP_logT_logk,P.Z.J./E.D. transition,5,false,shape-preserving PCHIP in ln(T)-ln(k),"NIST Monograph 131, Figure 43f, printed page 296"
89,0.171283,17.1283,PCHIP_logT_logk,P.Z.J./E.D. transition,5,false,shape-preserving PCHIP in ln(T)-ln(k),"NIST Monograph 131, Figure 43f, printed page 296"
90,0.171498,17.1498,PCHIP_logT_logk,P.Z.J./E.D. transition,5,false,shape-preserving PCHIP in ln(T)-ln(k),"NIST Monograph 131, Figure 43f, printed page 296"
91,0.171753,17.1753,PCHIP_logT_logk,P.Z.J./E.D. transition,5,false,shape-preserving PCHIP in ln(T)-ln(k),"NIST Monograph 131, Figure 43f, printed page 296"
92,0.172034,17.2034,PCHIP_logT_logk,P.Z.J./E.D. transition,5,false,shape-preserving PCHIP in ln(T)-ln(k),"NIST Monograph 131, Figure 43f, printed page 296"
93,0.172331,17.2331,PCHIP_logT_logk,P.Z.J./E.D. transition,5,false,shape-preserving PCHIP in ln(T)-ln(k),"NIST Monograph 131, Figure 43f, printed page 296"
94,0.172632,17.2632,PCHIP_logT_logk,P.Z.J./E.D. transition,5,false,shape-preserving PCHIP in ln(T)-ln(k),"NIST Monograph 131, Figure 43f, printed page 296"
95,0.172928,17.2928,PCHIP_logT_logk,P.Z.J./E.D. transition,5,false,shape-preserving PCHIP in ln(T)-ln(k),"NIST Monograph 131, Figure 43f, printed page 296"
96,0.173208,17.3208,PCHIP_logT_logk,P.Z.J./E.D. transition,5,false,shape-preserving PCHIP in ln(T)-ln(k),"NIST Monograph 131, Figure 43f, printed page 296"
97,0.173463,17.3463,PCHIP_logT_logk,P.Z.J./E.D. transition,5,false,shape-preserving PCHIP in ln(T)-ln(k),"NIST Monograph 131, Figure 43f, printed page 296"
98,0.173686,17.3686,PCHIP_logT_logk,P.Z.J./E.D. transition,5,false,shape-preserving PCHIP in ln(T)-ln(k),"NIST Monograph 131, Figure 43f, printed page 296"
99,0.173867,17.3867,PCHIP_logT_logk,P.Z.J./E.D. transition,5,false,shape-preserving PCHIP in ln(T)-ln(k),"NIST Monograph 131, Figure 43f, printed page 296"
100,0.174,17.4,digitized_marker,E.D.-constantan trace,3,false,shape-preserving PCHIP in ln(T)-ln(k),"NIST Monograph 131, Figure 43f, printed page 296"
101,0.174099,17.4099,PCHIP_logT_logk,E.D.-constantan trace,3,false,shape-preserving PCHIP in ln(T)-ln(k),"NIST Monograph 131, Figure 43f, printed page 296"
102,0.174185,17.4185,PCHIP_logT_logk,E.D.-constantan trace,3,false,shape-preserving PCHIP in ln(T)-ln(k),"NIST Monograph 131, Figure 43f, printed page 296"
103,0.174261,17.4261,PCHIP_logT_logk,E.D.-constantan trace,3,false,shape-preserving PCHIP in ln(T)-ln(k),"NIST Monograph 131, Figure 43f, printed page 296"
104,0.174328,17.4328,PCHIP_logT_logk,E.D.-constantan trace,3,false,shape-preserving PCHIP in ln(T)-ln(k),"NIST Monograph 131, Figure 43f, printed page 296"
105,0.174389,17.4389,PCHIP_logT_logk,E.D.-constantan trace,3,false,shape-preserving PCHIP in ln(T)-ln(k),"NIST Monograph 131, Figure 43f, printed page 296"
106,0.174445,17.4445,PCHIP_logT_logk,E.D.-constantan trace,3,false,shape-preserving PCHIP in ln(T)-ln(k),"NIST Monograph 131, Figure 43f, printed page 296"
107,0.174499,17.4499,PCHIP_logT_logk,E.D.-constantan trace,3,false,shape-preserving PCHIP in ln(T)-ln(k),"NIST Monograph 131, Figure 43f, printed page 296"
108,0.174551,17.4551,PCHIP_logT_logk,E.D.-constantan trace,3,false,shape-preserving PCHIP in ln(T)-ln(k),"NIST Monograph 131, Figure 43f, printed page 296"
109,0.174604,17.4604,PCHIP_logT_logk,E.D.-constantan trace,3,false,shape-preserving PCHIP in ln(T)-ln(k),"NIST Monograph 131, Figure 43f, printed page 296"
110,0.174659,17.4659,PCHIP_logT_logk,E.D.-constantan trace,3,false,shape-preserving PCHIP in ln(T)-ln(k),"NIST Monograph 131, Figure 43f, printed page 296"
111,0.174717,17.4717,PCHIP_logT_logk,E.D.-constantan trace,3,false,shape-preserving PCHIP in ln(T)-ln(k),"NIST Monograph 131, Figure 43f, printed page 296"
112,0.17478,17.478,PCHIP_logT_logk,E.D.-constantan trace,3,false,shape-preserving PCHIP in ln(T)-ln(k),"NIST Monograph 131, Figure 43f, printed page 296"
113,0.174849,17.4849,PCHIP_logT_logk,E.D.-constantan trace,3,false,shape-preserving PCHIP in ln(T)-ln(k),"NIST Monograph 131, Figure 43f, printed page 296"
114,0.174925,17.4925,PCHIP_logT_logk,E.D.-constantan trace,3,false,shape-preserving PCHIP in ln(T)-ln(k),"NIST Monograph 131, Figure 43f, printed page 296"
115,0.175009,17.5009,PCHIP_logT_logk,E.D.-constantan trace,3,false,shape-preserving PCHIP in ln(T)-ln(k),"NIST Monograph 131, Figure 43f, printed page 296"
116,0.175103,17.5103,PCHIP_logT_logk,E.D.-constantan trace,3,false,shape-preserving PCHIP in ln(T)-ln(k),"NIST Monograph 131, Figure 43f, printed page 296"
117,0.175207,17.5207,PCHIP_logT_logk,E.D.-constantan trace,3,false,shape-preserving PCHIP in ln(T)-ln(k),"NIST Monograph 131, Figure 43f, printed page 296"
118,0.175319,17.5319,PCHIP_logT_logk,E.D.-constantan trace,3,false,shape-preserving PCHIP in ln(T)-ln(k),"NIST Monograph 131, Figure 43f, printed page 296"
119,0.175439,17.5439,PCHIP_logT_logk,E.D.-constantan trace,3,false,shape-preserving PCHIP in ln(T)-ln(k),"NIST Monograph 131, Figure 43f, printed page 296"
120,0.175566,17.5566,PCHIP_logT_logk,E.D.-constantan trace,3,false,shape-preserving PCHIP in ln(T)-ln(k),"NIST Monograph 131, Figure 43f, printed page 296"
121,0.175698,17.5698,PCHIP_logT_logk,E.D.-constantan trace,3,false,shape-preserving PCHIP in ln(T)-ln(k),"NIST Monograph 131, Figure 43f, printed page 296"
122,0.175836,17.5836,PCHIP_logT_logk,E.D.-constantan trace,3,false,shape-preserving PCHIP in ln(T)-ln(k),"NIST Monograph 131, Figure 43f, printed page 296"
123,0.175978,17.5978,PCHIP_logT_logk,E.D.-constantan trace,3,false,shape-preserving PCHIP in ln(T)-ln(k),"NIST Monograph 131, Figure 43f, printed page 296"
124,0.176124,17.6124,PCHIP_logT_logk,E.D.-constantan trace,3,false,shape-preserving PCHIP in ln(T)-ln(k),"NIST Monograph 131, Figure 43f, printed page 296"
125,0.176272,17.6272,PCHIP_logT_logk,E.D.-constantan trace,3,false,shape-preserving PCHIP in ln(T)-ln(k),"NIST Monograph 131, Figure 43f, printed page 296"
126,0.176422,17.6422,PCHIP_logT_logk,E.D.-constantan trace,3,false,shape-preserving PCHIP in ln(T)-ln(k),"NIST Monograph 131, Figure 43f, printed page 296"
127,0.176574,17.6574,PCHIP_logT_logk,E.D.-constantan trace,3,false,shape-preserving PCHIP in ln(T)-ln(k),"NIST Monograph 131, Figure 43f, printed page 296"
128,0.176726,17.6726,PCHIP_logT_logk,E.D.-constantan trace,3,false,shape-preserving PCHIP in ln(T)-ln(k),"NIST Monograph 131, Figure 43f, printed page 296"
129,0.176878,17.6878,PCHIP_logT_logk,E.D.-constantan trace,3,false,shape-preserving PCHIP in ln(T)-ln(k),"NIST Monograph 131, Figure 43f, printed page 296"
130,0.17703,17.703,PCHIP_logT_logk,E.D.-constantan trace,3,false,shape-preserving PCHIP in ln(T)-ln(k),"NIST Monograph 131, Figure 43f, printed page 296"
131,0.177182,17.7182,PCHIP_logT_logk,E.D.-constantan trace,3,false,shape-preserving PCHIP in ln(T)-ln(k),"NIST Monograph 131, Figure 43f, printed page 296"
132,0.177334,17.7334,PCHIP_logT_logk,E.D.-constantan trace,3,false,shape-preserving PCHIP in ln(T)-ln(k),"NIST Monograph 131, Figure 43f, printed page 296"
133,0.177487,17.7487,PCHIP_logT_logk,E.D.-constantan trace,3,false,shape-preserving PCHIP in ln(T)-ln(k),"NIST Monograph 131, Figure 43f, printed page 296"
134,0.177642,17.7642,PCHIP_logT_logk,E.D.-constantan trace,3,false,shape-preserving PCHIP in ln(T)-ln(k),"NIST Monograph 131, Figure 43f, printed page 296"
135,0.1778,17.78,PCHIP_logT_logk,E.D.-constantan trace,3,false,shape-preserving PCHIP in ln(T)-ln(k),"NIST Monograph 131, Figure 43f, printed page 296"
136,0.17796,17.796,PCHIP_logT_logk,E.D.-constantan trace,3,false,shape-preserving PCHIP in ln(T)-ln(k),"NIST Monograph 131, Figure 43f, printed page 296"
137,0.178125,17.8125,PCHIP_logT_logk,E.D.-constantan trace,3,false,shape-preserving PCHIP in ln(T)-ln(k),"NIST Monograph 131, Figure 43f, printed page 296"
138,0.178293,17.8293,PCHIP_logT_logk,E.D.-constantan trace,3,false,shape-preserving PCHIP in ln(T)-ln(k),"NIST Monograph 131, Figure 43f, printed page 296"
139,0.178467,17.8467,PCHIP_logT_logk,E.D.-constantan trace,3,false,shape-preserving PCHIP in ln(T)-ln(k),"NIST Monograph 131, Figure 43f, printed page 296"
140,0.178646,17.8646,PCHIP_logT_logk,E.D.-constantan trace,3,false,shape-preserving PCHIP in ln(T)-ln(k),"NIST Monograph 131, Figure 43f, printed page 296"
141,0.178831,17.8831,PCHIP_logT_logk,E.D.-constantan trace,3,false,shape-preserving PCHIP in ln(T)-ln(k),"NIST Monograph 131, Figure 43f, printed page 296"
142,0.179023,17.9023,PCHIP_logT_logk,E.D.-constantan trace,3,false,shape-preserving PCHIP in ln(T)-ln(k),"NIST Monograph 131, Figure 43f, printed page 296"
143,0.179221,17.9221,PCHIP_logT_logk,E.D.-constantan trace,3,false,shape-preserving PCHIP in ln(T)-ln(k),"NIST Monograph 131, Figure 43f, printed page 296"
144,0.179427,17.9427,PCHIP_logT_logk,E.D.-constantan trace,3,false,shape-preserving PCHIP in ln(T)-ln(k),"NIST Monograph 131, Figure 43f, printed page 296"
145,0.179641,17.9641,PCHIP_logT_logk,E.D.-constantan trace,3,false,shape-preserving PCHIP in ln(T)-ln(k),"NIST Monograph 131, Figure 43f, printed page 296"
146,0.179863,17.9863,PCHIP_logT_logk,E.D.-constantan trace,3,false,shape-preserving PCHIP in ln(T)-ln(k),"NIST Monograph 131, Figure 43f, printed page 296"
147,0.180096,18.0096,PCHIP_logT_logk,E.D.-constantan trace,3,false,shape-preserving PCHIP in ln(T)-ln(k),"NIST Monograph 131, Figure 43f, printed page 296"
148,0.180359,18.0359,PCHIP_logT_logk,E.D.-constantan trace,3,false,shape-preserving PCHIP in ln(T)-ln(k),"NIST Monograph 131, Figure 43f, printed page 296"
149,0.180654,18.0654,PCHIP_logT_logk,E.D.-constantan trace,3,false,shape-preserving PCHIP in ln(T)-ln(k),"NIST Monograph 131, Figure 43f, printed page 296"
150,0.180975,18.0975,PCHIP_logT_logk,E.D.-constantan trace,3,false,shape-preserving PCHIP in ln(T)-ln(k),"NIST Monograph 131, Figure 43f, printed page 296"
151,0.181316,18.1316,PCHIP_logT_logk,E.D.-constantan trace,3,false,shape-preserving PCHIP in ln(T)-ln(k),"NIST Monograph 131, Figure 43f, printed page 296"
152,0.181673,18.1673,PCHIP_logT_logk,E.D.-constantan trace,3,false,shape-preserving PCHIP in ln(T)-ln(k),"NIST Monograph 131, Figure 43f, printed page 296"
153,0.182042,18.2042,PCHIP_logT_logk,E.D.-constantan trace,3,false,shape-preserving PCHIP in ln(T)-ln(k),"NIST Monograph 131, Figure 43f, printed page 296"
154,0.182418,18.2418,PCHIP_logT_logk,E.D.-constantan trace,3,false,shape-preserving PCHIP in ln(T)-ln(k),"NIST Monograph 131, Figure 43f, printed page 296"
155,0.182795,18.2795,PCHIP_logT_logk,E.D.-constantan trace,3,false,shape-preserving PCHIP in ln(T)-ln(k),"NIST Monograph 131, Figure 43f, printed page 296"
156,0.183171,18.3171,PCHIP_logT_logk,E.D.-constantan trace,3,false,shape-preserving PCHIP in ln(T)-ln(k),"NIST Monograph 131, Figure 43f, printed page 296"
157,0.183541,18.3541,PCHIP_logT_logk,E.D.-constantan trace,3,false,shape-preserving PCHIP in ln(T)-ln(k),"NIST Monograph 131, Figure 43f, printed page 296"
158,0.183902,18.3902,PCHIP_logT_logk,E.D.-constantan trace,3,false,shape-preserving PCHIP in ln(T)-ln(k),"NIST Monograph 131, Figure 43f, printed page 296"
159,0.184248,18.4248,PCHIP_logT_logk,E.D.-constantan trace,3,false,shape-preserving PCHIP in ln(T)-ln(k),"NIST Monograph 131, Figure 43f, printed page 296"
160,0.184576,18.4576,PCHIP_logT_logk,E.D.-constantan trace,3,false,shape-preserving PCHIP in ln(T)-ln(k),"NIST Monograph 131, Figure 43f, printed page 296"
161,0.184884,18.4884,PCHIP_logT_logk,E.D.-constantan trace,3,false,shape-preserving PCHIP in ln(T)-ln(k),"NIST Monograph 131, Figure 43f, printed page 296"
162,0.185171,18.5171,PCHIP_logT_logk,E.D.-constantan trace,3,false,shape-preserving PCHIP in ln(T)-ln(k),"NIST Monograph 131, Figure 43f, printed page 296"
163,0.185453,18.5453,PCHIP_logT_logk,E.D.-constantan trace,3,false,shape-preserving PCHIP in ln(T)-ln(k),"NIST Monograph 131, Figure 43f, printed page 296"
164,0.185731,18.5731,PCHIP_logT_logk,E.D.-constantan trace,3,false,shape-preserving PCHIP in ln(T)-ln(k),"NIST Monograph 131, Figure 43f, printed page 296"
165,0.186006,18.6006,PCHIP_logT_logk,E.D.-constantan trace,3,false,shape-preserving PCHIP in ln(T)-ln(k),"NIST Monograph 131, Figure 43f, printed page 296"
166,0.186276,18.6276,PCHIP_logT_logk,E.D.-constantan trace,3,false,shape-preserving PCHIP in ln(T)-ln(k),"NIST Monograph 131, Figure 43f, printed page 296"
167,0.186542,18.6542,PCHIP_logT_logk,E.D.-constantan trace,3,false,shape-preserving PCHIP in ln(T)-ln(k),"NIST Monograph 131, Figure 43f, printed page 296"
168,0.186802,18.6802,PCHIP_logT_logk,E.D.-constantan trace,3,false,shape-preserving PCHIP in ln(T)-ln(k),"NIST Monograph 131, Figure 43f, printed page 296"
169,0.187057,18.7057,PCHIP_logT_logk,E.D.-constantan trace,3,false,shape-preserving PCHIP in ln(T)-ln(k),"NIST Monograph 131, Figure 43f, printed page 296"
170,0.187305,18.7305,PCHIP_logT_logk,E.D.-constantan trace,3,false,shape-preserving PCHIP in ln(T)-ln(k),"NIST Monograph 131, Figure 43f, printed page 296"
171,0.187547,18.7547,PCHIP_logT_logk,E.D.-constantan trace,3,false,shape-preserving PCHIP in ln(T)-ln(k),"NIST Monograph 131, Figure 43f, printed page 296"
172,0.187783,18.7783,PCHIP_logT_logk,E.D.-constantan trace,3,false,shape-preserving PCHIP in ln(T)-ln(k),"NIST Monograph 131, Figure 43f, printed page 296"
173,0.188012,18.8012,PCHIP_logT_logk,E.D.-constantan trace,3,false,shape-preserving PCHIP in ln(T)-ln(k),"NIST Monograph 131, Figure 43f, printed page 296"
174,0.188233,18.8233,PCHIP_logT_logk,E.D.-constantan trace,3,false,shape-preserving PCHIP in ln(T)-ln(k),"NIST Monograph 131, Figure 43f, printed page 296"
175,0.188446,18.8446,PCHIP_logT_logk,E.D.-constantan trace,3,false,shape-preserving PCHIP in ln(T)-ln(k),"NIST Monograph 131, Figure 43f, printed page 296"
176,0.188651,18.8651,PCHIP_logT_logk,E.D.-constantan trace,3,false,shape-preserving PCHIP in ln(T)-ln(k),"NIST Monograph 131, Figure 43f, printed page 296"
177,0.188849,18.8849,PCHIP_logT_logk,E.D.-constantan trace,3,false,shape-preserving PCHIP in ln(T)-ln(k),"NIST Monograph 131, Figure 43f, printed page 296"
178,0.189037,18.9037,PCHIP_logT_logk,E.D.-constantan trace,3,false,shape-preserving PCHIP in ln(T)-ln(k),"NIST Monograph 131, Figure 43f, printed page 296"
179,0.189215,18.9215,PCHIP_logT_logk,E.D.-constantan trace,3,false,shape-preserving PCHIP in ln(T)-ln(k),"NIST Monograph 131, Figure 43f, printed page 296"
180,0.189382,18.9382,PCHIP_logT_logk,E.D.-constantan trace,3,false,shape-preserving PCHIP in ln(T)-ln(k),"NIST Monograph 131, Figure 43f, printed page 296"
181,0.18954,18.954,PCHIP_logT_logk,E.D.-constantan trace,3,false,shape-preserving PCHIP in ln(T)-ln(k),"NIST Monograph 131, Figure 43f, printed page 296"
182,0.18969,18.969,PCHIP_logT_logk,E.D.-constantan trace,3,false,shape-preserving PCHIP in ln(T)-ln(k),"NIST Monograph 131, Figure 43f, printed page 296"
183,0.189832,18.9832,PCHIP_logT_logk,E.D.-constantan trace,3,false,shape-preserving PCHIP in ln(T)-ln(k),"NIST Monograph 131, Figure 43f, printed page 296"
184,0.189967,18.9967,PCHIP_logT_logk,E.D.-constantan trace,3,false,shape-preserving PCHIP in ln(T)-ln(k),"NIST Monograph 131, Figure 43f, printed page 296"
185,0.190098,19.0098,PCHIP_logT_logk,E.D.-constantan trace,3,false,shape-preserving PCHIP in ln(T)-ln(k),"NIST Monograph 131, Figure 43f, printed page 296"
186,0.190223,19.0223,PCHIP_logT_logk,E.D.-constantan trace,3,false,shape-preserving PCHIP in ln(T)-ln(k),"NIST Monograph 131, Figure 43f, printed page 296"
187,0.190345,19.0345,PCHIP_logT_logk,E.D.-constantan trace,3,false,shape-preserving PCHIP in ln(T)-ln(k),"NIST Monograph 131, Figure 43f, printed page 296"
188,0.190463,19.0463,PCHIP_logT_logk,E.D.-constantan trace,3,false,shape-preserving PCHIP in ln(T)-ln(k),"NIST Monograph 131, Figure 43f, printed page 296"
189,0.19058,19.058,PCHIP_logT_logk,E.D.-constantan trace,3,false,shape-preserving PCHIP in ln(T)-ln(k),"NIST Monograph 131, Figure 43f, printed page 296"
190,0.190695,19.0695,PCHIP_logT_logk,E.D.-constantan trace,3,false,shape-preserving PCHIP in ln(T)-ln(k),"NIST Monograph 131, Figure 43f, printed page 296"
191,0.19081,19.081,PCHIP_logT_logk,E.D.-constantan trace,3,false,shape-preserving PCHIP in ln(T)-ln(k),"NIST Monograph 131, Figure 43f, printed page 296"
192,0.190925,19.0925,PCHIP_logT_logk,E.D.-constantan trace,3,false,shape-preserving PCHIP in ln(T)-ln(k),"NIST Monograph 131, Figure 43f, printed page 296"
193,0.191041,19.1041,PCHIP_logT_logk,E.D.-constantan trace,3,false,shape-preserving PCHIP in ln(T)-ln(k),"NIST Monograph 131, Figure 43f, printed page 296"
194,0.191159,19.1159,PCHIP_logT_logk,E.D.-constantan trace,3,false,shape-preserving PCHIP in ln(T)-ln(k),"NIST Monograph 131, Figure 43f, printed page 296"
195,0.191279,19.1279,PCHIP_logT_logk,E.D.-constantan trace,3,false,shape-preserving PCHIP in ln(T)-ln(k),"NIST Monograph 131, Figure 43f, printed page 296"
196,0.191403,19.1403,PCHIP_logT_logk,E.D.-constantan trace,3,false,shape-preserving PCHIP in ln(T)-ln(k),"NIST Monograph 131, Figure 43f, printed page 296"
197,0.19153,19.153,PCHIP_logT_logk,E.D.-constantan trace,3,false,shape-preserving PCHIP in ln(T)-ln(k),"NIST Monograph 131, Figure 43f, printed page 296"
198,0.191661,19.1661,PCHIP_logT_logk,E.D.-constantan trace,3,false,shape-preserving PCHIP in ln(T)-ln(k),"NIST Monograph 131, Figure 43f, printed page 296"
199,0.191798,19.1798,PCHIP_logT_logk,E.D.-constantan trace,3,false,shape-preserving PCHIP in ln(T)-ln(k),"NIST Monograph 131, Figure 43f, printed page 296"
200,0.19194,19.194,PCHIP_logT_logk,E.D.-constantan trace,3,false,shape-preserving PCHIP in ln(T)-ln(k),"NIST Monograph 131, Figure 43f, printed page 296"
201,0.192088,19.2088,PCHIP_logT_logk,E.D.-constantan trace,3,false,shape-preserving PCHIP in ln(T)-ln(k),"NIST Monograph 131, Figure 43f, printed page 296"
202,0.192243,19.2243,PCHIP_logT_logk,E.D.-constantan trace,3,false,shape-preserving PCHIP in ln(T)-ln(k),"NIST Monograph 131, Figure 43f, printed page 296"
203,0.192405,19.2405,PCHIP_logT_logk,E.D.-constantan trace,3,false,shape-preserving PCHIP in ln(T)-ln(k),"NIST Monograph 131, Figure 43f, printed page 296"
204,0.192576,19.2576,PCHIP_logT_logk,E.D.-constantan trace,3,false,shape-preserving PCHIP in ln(T)-ln(k),"NIST Monograph 131, Figure 43f, printed page 296"
205,0.192754,19.2754,PCHIP_logT_logk,E.D.-constantan trace,3,false,shape-preserving PCHIP in ln(T)-ln(k),"NIST Monograph 131, Figure 43f, printed page 296"
206,0.192942,19.2942,PCHIP_logT_logk,E.D.-constantan trace,3,false,shape-preserving PCHIP in ln(T)-ln(k),"NIST Monograph 131, Figure 43f, printed page 296"
207,0.193142,19.3142,PCHIP_logT_logk,E.D.-constantan trace,3,false,shape-preserving PCHIP in ln(T)-ln(k),"NIST Monograph 131, Figure 43f, printed page 296"
208,0.193364,19.3364,PCHIP_logT_logk,E.D.-constantan trace,3,false,shape-preserving PCHIP in ln(T)-ln(k),"NIST Monograph 131, Figure 43f, printed page 296"
209,0.193607,19.3607,PCHIP_logT_logk,E.D.-constantan trace,3,false,shape-preserving PCHIP in ln(T)-ln(k),"NIST Monograph 131, Figure 43f, printed page 296"
210,0.193868,19.3868,PCHIP_logT_logk,E.D.-constantan trace,3,false,shape-preserving PCHIP in ln(T)-ln(k),"NIST Monograph 131, Figure 43f, printed page 296"
211,0.194146,19.4146,PCHIP_logT_logk,E.D.-constantan trace,3,false,shape-preserving PCHIP in ln(T)-ln(k),"NIST Monograph 131, Figure 43f, printed page 296"
212,0.194439,19.4439,PCHIP_logT_logk,E.D.-constantan trace,3,false,shape-preserving PCHIP in ln(T)-ln(k),"NIST Monograph 131, Figure 43f, printed page 296"
213,0.194746,19.4746,PCHIP_logT_logk,E.D.-constantan trace,3,false,shape-preserving PCHIP in ln(T)-ln(k),"NIST Monograph 131, Figure 43f, printed page 296"
214,0.195065,19.5065,PCHIP_logT_logk,E.D.-constantan trace,3,false,shape-preserving PCHIP in ln(T)-ln(k),"NIST Monograph 131, Figure 43f, printed page 296"
215,0.195394,19.5394,PCHIP_logT_logk,E.D.-constantan trace,3,false,shape-preserving PCHIP in ln(T)-ln(k),"NIST Monograph 131, Figure 43f, printed page 296"
216,0.195733,19.5733,PCHIP_logT_logk,E.D.-constantan trace,3,false,shape-preserving PCHIP in ln(T)-ln(k),"NIST Monograph 131, Figure 43f, printed page 296"
217,0.196078,19.6078,PCHIP_logT_logk,E.D.-constantan trace,3,false,shape-preserving PCHIP in ln(T)-ln(k),"NIST Monograph 131, Figure 43f, printed page 296"
218,0.196429,19.6429,PCHIP_logT_logk,E.D.-constantan trace,3,false,shape-preserving PCHIP in ln(T)-ln(k),"NIST Monograph 131, Figure 43f, printed page 296"
219,0.196785,19.6785,PCHIP_logT_logk,E.D.-constantan trace,3,false,shape-preserving PCHIP in ln(T)-ln(k),"NIST Monograph 131, Figure 43f, printed page 296"
220,0.197146,19.7146,PCHIP_logT_logk,E.D.-constantan trace,3,false,shape-preserving PCHIP in ln(T)-ln(k),"NIST Monograph 131, Figure 43f, printed page 296"
221,0.197531,19.7531,PCHIP_logT_logk,E.D.-constantan trace,3,false,shape-preserving PCHIP in ln(T)-ln(k),"NIST Monograph 131, Figure 43f, printed page 296"
222,0.197942,19.7942,PCHIP_logT_logk,E.D.-constantan trace,3,false,shape-preserving PCHIP in ln(T)-ln(k),"NIST Monograph 131, Figure 43f, printed page 296"
223,0.198376,19.8376,PCHIP_logT_logk,E.D.-constantan trace,3,false,shape-preserving PCHIP in ln(T)-ln(k),"NIST Monograph 131, Figure 43f, printed page 296"
224,0.19883,19.883,PCHIP_logT_logk,E.D.-constantan trace,3,false,shape-preserving PCHIP in ln(T)-ln(k),"NIST Monograph 131, Figure 43f, printed page 296"
225,0.1993,19.93,PCHIP_logT_logk,E.D.-constantan trace,3,false,shape-preserving PCHIP in ln(T)-ln(k),"NIST Monograph 131, Figure 43f, printed page 296"
226,0.199783,19.9783,PCHIP_logT_logk,E.D.-constantan trace,3,false,shape-preserving PCHIP in ln(T)-ln(k),"NIST Monograph 131, Figure 43f, printed page 296"
227,0.200277,20.0277,PCHIP_logT_logk,E.D.-constantan trace,3,false,shape-preserving PCHIP in ln(T)-ln(k),"NIST Monograph 131, Figure 43f, printed page 296"
228,0.200779,20.0779,PCHIP_logT_logk,E.D.-constantan trace,3,false,shape-preserving PCHIP in ln(T)-ln(k),"NIST Monograph 131, Figure 43f, printed page 296"
229,0.201285,20.1285,PCHIP_logT_logk,E.D.-constantan trace,3,false,shape-preserving PCHIP in ln(T)-ln(k),"NIST Monograph 131, Figure 43f, printed page 296"
230,0.201794,20.1794,PCHIP_logT_logk,E.D.-constantan trace,3,false,shape-preserving PCHIP in ln(T)-ln(k),"NIST Monograph 131, Figure 43f, printed page 296"
231,0.202301,20.2301,PCHIP_logT_logk,E.D.-constantan trace,3,false,shape-preserving PCHIP in ln(T)-ln(k),"NIST Monograph 131, Figure 43f, printed page 296"
232,0.202804,20.2804,PCHIP_logT_logk,E.D.-constantan trace,3,false,shape-preserving PCHIP in ln(T)-ln(k),"NIST Monograph 131, Figure 43f, printed page 296"
233,0.203301,20.3301,PCHIP_logT_logk,E.D.-constantan trace,3,false,shape-preserving PCHIP in ln(T)-ln(k),"NIST Monograph 131, Figure 43f, printed page 296"
234,0.203789,20.3789,PCHIP_logT_logk,E.D.-constantan trace,3,false,shape-preserving PCHIP in ln(T)-ln(k),"NIST Monograph 131, Figure 43f, printed page 296"
235,0.204265,20.4265,PCHIP_logT_logk,E.D.-constantan trace,3,false,shape-preserving PCHIP in ln(T)-ln(k),"NIST Monograph 131, Figure 43f, printed page 296"
236,0.204726,20.4726,PCHIP_logT_logk,E.D.-constantan trace,3,false,shape-preserving PCHIP in ln(T)-ln(k),"NIST Monograph 131, Figure 43f, printed page 296"
237,0.205171,20.5171,PCHIP_logT_logk,E.D.-constantan trace,3,false,shape-preserving PCHIP in ln(T)-ln(k),"NIST Monograph 131, Figure 43f, printed page 296"
238,0.205596,20.5596,PCHIP_logT_logk,E.D.-constantan trace,3,false,shape-preserving PCHIP in ln(T)-ln(k),"NIST Monograph 131, Figure 43f, printed page 296"
239,0.206,20.6,digitized_marker,E.D.-constantan trace,3,false,shape-preserving PCHIP in ln(T)-ln(k),"NIST Monograph 131, Figure 43f, printed page 296"
240,0.206385,20.6385,PCHIP_logT_logk,E.D.-constantan trace,3,false,shape-preserving PCHIP in ln(T)-ln(k),"NIST Monograph 131, Figure 43f, printed page 296"
241,0.206757,20.6757,PCHIP_logT_logk,E.D.-constantan trace,3,false,shape-preserving PCHIP in ln(T)-ln(k),"NIST Monograph 131, Figure 43f, printed page 296"
242,0.207118,20.7118,PCHIP_logT_logk,E.D.-constantan trace,3,false,shape-preserving PCHIP in ln(T)-ln(k),"NIST Monograph 131, Figure 43f, printed page 296"
243,0.207467,20.7467,PCHIP_logT_logk,E.D.-constantan trace,3,false,shape-preserving PCHIP in ln(T)-ln(k),"NIST Monograph 131, Figure 43f, printed page 296"
244,0.207807,20.7807,PCHIP_logT_logk,E.D.-constantan trace,3,false,shape-preserving PCHIP in ln(T)-ln(k),"NIST Monograph 131, Figure 43f, printed page 296"
245,0.208138,20.8138,PCHIP_logT_logk,E.D.-constantan trace,3,false,shape-preserving PCHIP in ln(T)-ln(k),"NIST Monograph 131, Figure 43f, printed page 296"
246,0.208461,20.8461,PCHIP_logT_logk,E.D.-constantan trace,3,false,shape-preserving PCHIP in ln(T)-ln(k),"NIST Monograph 131, Figure 43f, printed page 296"
247,0.208778,20.8778,PCHIP_logT_logk,E.D.-constantan trace,3,false,shape-preserving PCHIP in ln(T)-ln(k),"NIST Monograph 131, Figure 43f, printed page 296"
248,0.209088,20.9088,PCHIP_logT_logk,E.D.-constantan trace,3,false,shape-preserving PCHIP in ln(T)-ln(k),"NIST Monograph 131, Figure 43f, printed page 296"
249,0.209394,20.9394,PCHIP_logT_logk,E.D.-constantan trace,3,false,shape-preserving PCHIP in ln(T)-ln(k),"NIST Monograph 131, Figure 43f, printed page 296"
250,0.209695,20.9695,PCHIP_logT_logk,E.D.-constantan trace,3,false,shape-preserving PCHIP in ln(T)-ln(k),"NIST Monograph 131, Figure 43f, printed page 296"
251,0.209993,20.9993,PCHIP_logT_logk,E.D.-constantan trace,3,false,shape-preserving PCHIP in ln(T)-ln(k),"NIST Monograph 131, Figure 43f, printed page 296"
252,0.21029,21.029,PCHIP_logT_logk,E.D.-constantan trace,3,false,shape-preserving PCHIP in ln(T)-ln(k),"NIST Monograph 131, Figure 43f, printed page 296"
253,0.210584,21.0584,PCHIP_logT_logk,E.D.-constantan trace,3,false,shape-preserving PCHIP in ln(T)-ln(k),"NIST Monograph 131, Figure 43f, printed page 296"
254,0.210879,21.0879,PCHIP_logT_logk,E.D.-constantan trace,3,false,shape-preserving PCHIP in ln(T)-ln(k),"NIST Monograph 131, Figure 43f, printed page 296"
255,0.211173,21.1173,PCHIP_logT_logk,E.D.-constantan trace,3,false,shape-preserving PCHIP in ln(T)-ln(k),"NIST Monograph 131, Figure 43f, printed page 296"
256,0.211469,21.1469,PCHIP_logT_logk,E.D.-constantan trace,3,false,shape-preserving PCHIP in ln(T)-ln(k),"NIST Monograph 131, Figure 43f, printed page 296"
257,0.211767,21.1767,PCHIP_logT_logk,E.D.-constantan trace,3,false,shape-preserving PCHIP in ln(T)-ln(k),"NIST Monograph 131, Figure 43f, printed page 296"
258,0.212067,21.2067,PCHIP_logT_logk,E.D.-constantan trace,3,false,shape-preserving PCHIP in ln(T)-ln(k),"NIST Monograph 131, Figure 43f, printed page 296"
259,0.212371,21.2371,PCHIP_logT_logk,E.D.-constantan trace,3,false,shape-preserving PCHIP in ln(T)-ln(k),"NIST Monograph 131, Figure 43f, printed page 296"
260,0.212679,21.2679,PCHIP_logT_logk,E.D.-constantan trace,3,false,shape-preserving PCHIP in ln(T)-ln(k),"NIST Monograph 131, Figure 43f, printed page 296"
261,0.212992,21.2992,PCHIP_logT_logk,E.D.-constantan trace,3,false,shape-preserving PCHIP in ln(T)-ln(k),"NIST Monograph 131, Figure 43f, printed page 296"
262,0.213311,21.3311,PCHIP_logT_logk,E.D.-constantan trace,3,false,shape-preserving PCHIP in ln(T)-ln(k),"NIST Monograph 131, Figure 43f, printed page 296"
263,0.213637,21.3637,PCHIP_logT_logk,E.D.-constantan trace,3,false,shape-preserving PCHIP in ln(T)-ln(k),"NIST Monograph 131, Figure 43f, printed page 296"
264,0.21397,21.397,PCHIP_logT_logk,E.D.-constantan trace,3,false,shape-preserving PCHIP in ln(T)-ln(k),"NIST Monograph 131, Figure 43f, printed page 296"
265,0.214311,21.4311,PCHIP_logT_logk,E.D.-constantan trace,3,false,shape-preserving PCHIP in ln(T)-ln(k),"NIST Monograph 131, Figure 43f, printed page 296"
266,0.21466,21.466,PCHIP_logT_logk,E.D.-constantan trace,3,false,shape-preserving PCHIP in ln(T)-ln(k),"NIST Monograph 131, Figure 43f, printed page 296"
267,0.215019,21.5019,PCHIP_logT_logk,E.D.-constantan trace,3,false,shape-preserving PCHIP in ln(T)-ln(k),"NIST Monograph 131, Figure 43f, printed page 296"
268,0.215388,21.5388,PCHIP_logT_logk,E.D.-constantan trace,3,false,shape-preserving PCHIP in ln(T)-ln(k),"NIST Monograph 131, Figure 43f, printed page 296"
269,0.215767,21.5767,PCHIP_logT_logk,E.D.-constantan trace,3,false,shape-preserving PCHIP in ln(T)-ln(k),"NIST Monograph 131, Figure 43f, printed page 296"
270,0.216158,21.6158,PCHIP_logT_logk,E.D.-constantan trace,3,false,shape-preserving PCHIP in ln(T)-ln(k),"NIST Monograph 131, Figure 43f, printed page 296"
271,0.216564,21.6564,PCHIP_logT_logk,E.D.-constantan trace,3,false,shape-preserving PCHIP in ln(T)-ln(k),"NIST Monograph 131, Figure 43f, printed page 296"
272,0.216986,21.6986,PCHIP_logT_logk,E.D.-constantan trace,3,false,shape-preserving PCHIP in ln(T)-ln(k),"NIST Monograph 131, Figure 43f, printed page 296"
273,0.217421,21.7421,PCHIP_logT_logk,E.D.-constantan trace,3,false,shape-preserving PCHIP in ln(T)-ln(k),"NIST Monograph 131, Figure 43f, printed page 296"
274,0.217869,21.7869,PCHIP_logT_logk,E.D.-constantan trace,3,false,shape-preserving PCHIP in ln(T)-ln(k),"NIST Monograph 131, Figure 43f, printed page 296"
275,0.218329,21.8329,PCHIP_logT_logk,E.D.-constantan trace,3,false,shape-preserving PCHIP in ln(T)-ln(k),"NIST Monograph 131, Figure 43f, printed page 296"
276,0.2188,21.88,PCHIP_logT_logk,E.D.-constantan trace,3,false,shape-preserving PCHIP in ln(T)-ln(k),"NIST Monograph 131, Figure 43f, printed page 296"
277,0.21928,21.928,PCHIP_logT_logk,E.D.-constantan trace,3,false,shape-preserving PCHIP in ln(T)-ln(k),"NIST Monograph 131, Figure 43f, printed page 296"
278,0.219768,21.9768,PCHIP_logT_logk,E.D.-constantan trace,3,false,shape-preserving PCHIP in ln(T)-ln(k),"NIST Monograph 131, Figure 43f, printed page 296"
279,0.220264,22.0264,PCHIP_logT_logk,E.D.-constantan trace,3,false,shape-preserving PCHIP in ln(T)-ln(k),"NIST Monograph 131, Figure 43f, printed page 296"
280,0.220766,22.0766,PCHIP_logT_logk,E.D.-constantan trace,3,false,shape-preserving PCHIP in ln(T)-ln(k),"NIST Monograph 131, Figure 43f, printed page 296"
281,0.221274,22.1274,PCHIP_logT_logk,E.D.-constantan trace,3,false,shape-preserving PCHIP in ln(T)-ln(k),"NIST Monograph 131, Figure 43f, printed page 296"
282,0.221786,22.1786,PCHIP_logT_logk,E.D.-constantan trace,3,false,shape-preserving PCHIP in ln(T)-ln(k),"NIST Monograph 131, Figure 43f, printed page 296"
283,0.222302,22.2302,PCHIP_logT_logk,E.D.-constantan trace,3,false,shape-preserving PCHIP in ln(T)-ln(k),"NIST Monograph 131, Figure 43f, printed page 296"
284,0.22282,22.282,PCHIP_logT_logk,E.D.-constantan trace,3,false,shape-preserving PCHIP in ln(T)-ln(k),"NIST Monograph 131, Figure 43f, printed page 296"
285,0.223339,22.3339,PCHIP_logT_logk,E.D.-constantan trace,3,false,shape-preserving PCHIP in ln(T)-ln(k),"NIST Monograph 131, Figure 43f, printed page 296"
286,0.223859,22.3859,PCHIP_logT_logk,E.D.-constantan trace,3,false,shape-preserving PCHIP in ln(T)-ln(k),"NIST Monograph 131, Figure 43f, printed page 296"
287,0.224378,22.4378,PCHIP_logT_logk,E.D.-constantan trace,3,false,shape-preserving PCHIP in ln(T)-ln(k),"NIST Monograph 131, Figure 43f, printed page 296"
288,0.224897,22.4897,PCHIP_logT_logk,E.D.-constantan trace,3,false,shape-preserving PCHIP in ln(T)-ln(k),"NIST Monograph 131, Figure 43f, printed page 296"
289,0.225426,22.5426,PCHIP_logT_logk,E.D.-constantan trace,3,false,shape-preserving PCHIP in ln(T)-ln(k),"NIST Monograph 131, Figure 43f, printed page 296"
290,0.225987,22.5987,PCHIP_logT_logk,E.D.-constantan trace,3,false,shape-preserving PCHIP in ln(T)-ln(k),"NIST Monograph 131, Figure 43f, printed page 296"
291,0.226569,22.6569,PCHIP_logT_logk,E.D.-constantan trace,3,false,shape-preserving PCHIP in ln(T)-ln(k),"NIST Monograph 131, Figure 43f, printed page 296"
292,0.227161,22.7161,PCHIP_logT_logk,E.D.-constantan trace,3,false,shape-preserving PCHIP in ln(T)-ln(k),"NIST Monograph 131, Figure 43f, printed page 296"
293,0.227751,22.7751,PCHIP_logT_logk,E.D.-constantan trace,3,false,shape-preserving PCHIP in ln(T)-ln(k),"NIST Monograph 131, Figure 43f, printed page 296"
294,0.228327,22.8327,PCHIP_logT_logk,E.D.-constantan trace,3,false,shape-preserving PCHIP in ln(T)-ln(k),"NIST Monograph 131, Figure 43f, printed page 296"
295,0.22888,22.888,PCHIP_logT_logk,E.D.-constantan trace,3,false,shape-preserving PCHIP in ln(T)-ln(k),"NIST Monograph 131, Figure 43f, printed page 296"
296,0.229398,22.9398,PCHIP_logT_logk,E.D.-constantan trace,3,false,shape-preserving PCHIP in ln(T)-ln(k),"NIST Monograph 131, Figure 43f, printed page 296"
297,0.229869,22.9869,PCHIP_logT_logk,E.D.-constantan trace,3,false,shape-preserving PCHIP in ln(T)-ln(k),"NIST Monograph 131, Figure 43f, printed page 296"
298,0.230287,23.0287,PCHIP_logT_logk,E.D.-constantan trace,3,false,shape-preserving PCHIP in ln(T)-ln(k),"NIST Monograph 131, Figure 43f, printed page 296"
299,0.230659,23.0659,PCHIP_logT_logk,E.D.-constantan trace,3,false,shape-preserving PCHIP in ln(T)-ln(k),"NIST Monograph 131, Figure 43f, printed page 296"
300,0.231,23.1,digitized_trace_anchor,E.D.-constantan trace,3,false,shape-preserving PCHIP in ln(T)-ln(k),"NIST Monograph 131, Figure 43f, printed page 296"
